﻿<?xml version="1.0" encoding="UTF-8" standalone="yes"?>
<Picture>
	<PictureVariant name="TbAccntUIMD_85.png" screenDensity="bldpi" glyphWidth="14" glyphHeight="14"/>
	<PictureVariant name="TbAccntUIMD_100.png" screenDensity="ldpi" glyphWidth="16" glyphHeight="16"/>
	<PictureVariant name="TbAccntUIMD_125.png" screenDensity="aldpi" glyphWidth="20" glyphHeight="20"/>
	<PictureVariant name="TbAccntUIMD_150.png" screenDensity="mdpi" glyphWidth="24" glyphHeight="24"/>
	<PictureVariant name="TbAccntUIMD_175.png" screenDensity="amdpi" glyphWidth="28" glyphHeight="28"/>
	<PictureVariant name="TbAccntUIMD_200.png" screenDensity="hdpi" glyphWidth="32" glyphHeight="32"/>
	<PictureVariant name="TbAccntUIMD_300.png" screenDensity="xdpi" glyphWidth="48" glyphHeight="48"/>
	<PictureVariant name="TbAccntUIMD_400.png" screenDensity="udpi" glyphWidth="64" glyphHeight="64"/>

	<PictureVariant name="TbAccntUIMD.png" interfaceVariant="version8_2" screenDensity="ldpi" glyphWidth="16" glyphHeight="16"/>
	<PictureVariant name="TbAccntUIMD.png" interfaceVariant="version8_2_OrdinaryApp" screenDensity="ldpi" glyphWidth="16" glyphHeight="16"/>
	<PictureVariant name="TbAccntUIMD_old.png" interfaceVariant="version8_0" screenDensity="ldpi" glyphWidth="16" glyphHeight="16"/>

	<PictureVariant name="h.png" interfaceVariant="taxiMobile" screenDensity="hdpi" isTemplate="true"/>
	<PictureVariant name="l.png" interfaceVariant="taxiMobile" screenDensity="ldpi" isTemplate="true"/>
	<PictureVariant name="m.png" interfaceVariant="taxiMobile" screenDensity="mdpi" isTemplate="true"/>
	<PictureVariant name="x.png" interfaceVariant="taxiMobile" screenDensity="xdpi" isTemplate="true"/>
</Picture>
